feature,std_estimate,ci_low,ci_high,ci_width,note
avg_rss12_min,9.569975284512807,8.489066313121807,10.922615980506162,2.433549667384355,
avg_rss12_max,4.394361684703192,3.5384217819775334,5.524468781138631,1.9860469991610974,
avg_rss12_mean,5.335707636574324,4.8237875567786395,6.002699812191129,1.1789122554124898,
avg_rss12_median,5.440054137152637,4.9030226863505755,6.128326299658344,1.2253036133077684,
avg_rss12_std,1.772160865085758,1.593892028442654,1.982898216996725,0.389006188554071,
avg_rss12_q1,6.153589724185373,5.656419545337237,6.740260499735169,1.0838409543979317,
avg_rss12_q3,5.138924613450999,4.430957304878757,5.933907247169532,1.5029499422907753,
var_rss12_min,0.0,0.0,0.0,0.0,degenerate
var_rss12_max,5.0627293748106394,4.681141372529459,5.4359612989942105,0.7548199264647515,
var_rss12_mean,1.5741623082682994,1.4142486116763577,1.7068300534586502,0.2925814417822925,
var_rss12_median,1.4122441649745636,1.2506543455801669,1.5437927268185256,0.2931383812383588,
var_rss12_std,0.884107712146972,0.8056864062476157,0.9394998764545809,0.1338134702069652,
var_rss12_q1,0.946386191125693,0.8435705713524346,1.0346655313000366,0.19109495994760195,
var_rss12_q3,2.1252664064059106,1.9110829189864116,2.2929185466631146,0.381835627676703,
avg_rss13_min,2.956462059205818,2.7829658219610933,3.132223306557407,0.3492574845963139,
avg_rss13_max,4.875136693954745,4.232430916346347,5.560198442963066,1.3277675266167188,
avg_rss13_mean,4.008429053583054,3.472871304102144,4.543431180496918,1.070559876394774,
avg_rss13_median,4.036396318784075,3.511640400704395,4.615381607092916,1.1037412063885208,
avg_rss13_std,0.9467026145967747,0.8063290960342987,1.18988189508664,0.3835527990523414,
avg_rss13_q1,4.22065788450763,3.699842307247076,4.789192564812682,1.0893502575656058,
avg_rss13_q3,4.171628224016796,3.6223168732033018,4.76641394693558,1.144097073732278,
var_rss13_min,0.0,0.0,0.0,0.0,degenerate
var_rss13_max,2.183625484972341,2.000936130051806,2.3984926549986616,0.39755652494685556,
var_rss13_mean,1.1661105260774551,1.0700221950399278,1.2136193612339374,0.14359716619400964,
var_rss13_median,1.1455856609880564,1.0519789977328016,1.1949221362265159,0.14294313849371432,
var_rss13_std,0.4582474404181237,0.422067524973794,0.4855243014851121,0.06345677651131809,
var_rss13_q1,0.8436196840035468,0.7757131985593425,0.8875141225053227,0.11180092394598018,
var_rss13_q3,1.552504178250367,1.421483804849096,1.6156649579535396,0.1941811531044435,
avg_rss23_min,6.124001430553486,4.7842544049269335,7.929941471370399,3.1456870664434655,
avg_rss23_max,5.741238300951952,4.88659116716682,6.702086402256521,1.815495235089701,
avg_rss23_mean,5.675593123380379,4.660423657170778,7.015531399563229,2.355107742392451,
avg_rss23_median,5.813782436530036,4.7225846531721345,7.212787229883287,2.4902025767111526,
avg_rss23_std,1.0248847057071782,0.8598060431028394,1.2810004862302284,0.4211944431273891,
avg_rss23_q1,6.096465201564951,5.068525458689964,7.585453838144891,2.516928379454926,
avg_rss23_q3,5.531720219299495,4.586490014307403,6.829865207389907,2.243375193082504,
var_rss23_min,0.045838154016456224,0.0,0.09954279521146871,0.09954279521146871,
var_rss23_max,2.5189209776905526,2.301828887805855,2.842885219357743,0.5410563315518879,
var_rss23_mean,1.154809641272253,1.0593268253105286,1.211574460136079,0.15224763482555037,
var_rss23_median,1.0864743253475886,0.9975896557246189,1.146232101239865,0.1486424455152462,
var_rss23_std,0.5176223355675142,0.4808410478928085,0.5450158711407346,0.06417482324792606,
var_rss23_q1,0.7585838153286205,0.6950316268536879,0.8080082874060176,0.11297666055232969,
var_rss23_q3,1.5235991261756407,1.3968711732918526,1.5918372104741698,0.1949660371823172,
